0,0
病例,107
确诊,94
新增,68
无症状,55
检测,54
感染者,51
核酸,45
小区,36
疫情,35
视频,34
隔离,34
石家庄,30
河北,28
北京,27
微博,24
记者,22
工作,21
防控,21
中国,21
医学观察,20
阳性,20
金矿,20
密切接触,19
栖霞,19
累计,18
井下,18
报告,18
人员,18
新冠,18
输入,18
肺炎,17
境外,16
医院,16
发布会,16
出院,16
隆尧县,16
阴性,16
直播,16
样本,15
事故,15
通报,15
自驾车,14
吉林,14
当日,13
现有,13
街道,13
绥化市,13
发现,12
救援,12
调查,12
情况,12
下午,12
普通型,12
全员,12
外出,12
轨迹,12
乘坐,12
新闻,11
死亡,11
我国,11
习近平,11
诊断,11
最新,10
疑似病例,10
管控,10
演讲,10
转为,10
本土,10
世界,10
治愈,10
相关,10
矿工,10
地区,10
居家,9
上午,9
山东,9
新年,9
回家,9
大兴区,9
冬奥会,9
实验室,9
地坛,9
公安机关,8
河北省,8
媒体,8
活动,8
隆尧,8
中段,8
前往,8
经济,8
行程,8
密接,8
遗址,7
年货,7
早晨,7
国家,7
措施,7
被困,7
通化市,7
首次,7
济南,7
黑龙江,7
机构,7
增长,7
GDP,7
日至,7
望奎县,7
指挥部,7
代表,7
公司,7
介绍,7
现场,7
重症,7
初步,7
医学,6
直辖市,6
现住,6
关注,6
链接,6
邢台,6
长春市,6
新型,6
邢台市,6
华曦,6
转运,6
石家庄市,6
新疆生产建设兵团,6
分型,6
制裁,6
加油,6
部门,6
检查,6
筹办,6
临床,6
检验,6
精准,6
自治区,6
天宫,6
高风险,6
网页,6
上班,6
号线,6
个省,6
绥化,6
启动,6
社区,5
联合国,5
风险,5
实施,5
解除,5
美国,5
回应,5
考察,5
哈尔滨市,5
英国,5
万亿元,5
北京市,5
信息,5
排查,5
克拉夫特,5
步行,5
武汉,5
抗疫,5
残奥会,5
民警,5
外孙,5
病毒,5
运动,5
河北人,5
医疗机构,5
难题,5
管理,5
新华社,5
反馈,5
小时,5
建设,5
变局,5
应急,5
纸条,5
五彩,5
有限公司,5
企业,5
人生,5
第三方,5
第二轮,5
发布,4
直击,4
工人,4
场所,4
天津,4
转发,4
地铁,4
寻找,4
公布,4
白腹,4
省区市,4
筛查,4
常驻,4
基地,4
蔬菜,4
落实,4
备战,4
百年,4
获悉,4
投放,4
冰雪,4
发生爆炸,4
定点,4
给养,4
家属院,4
影像学,4
谎报,4
运行,4
呼兰,4
近日,4
思想,4
总书记,4
实行,4
负压,4
第三轮,4
综合,4
突破,4
训练,4
刑事,4
宋运辉,4
台湾,4
迪丽,4
迹象,4
居住,4
出发,4
美方,4
发言人,4
强制措施,4
因公,4
卫健,4
农村,4
夜读,4
救护车,4
首辆,4
上海,4
收到,4
钻孔,4
业务,4
演员,4
期间,4
有人,4
火星车,4
热巴,4
摄影,4
传统,4
临床表现,4
锦鸡,4
环境,4
云端,4
新乐市,4
闹剧,4
今天下午,4
亿元,4
涉及,4
牺牲,4
流行病,4
生物医药,4
采集,4
接种,4
疫苗,4
流行病学,4
采样,4
治疗,4
全域,4
主讲人,3
之间,3
时至,3
全球,3
时间,3
昂昂溪区,3
春节,3
资助,3
平凡,3
发生,3
黑龙江省,3
岳月伟,3
营养液,3
购物,3
燕雁,3
央视,3
花园,3
烟草,3
华春莹,3
物资,3
华西,3
爱心,3
陕西,3
单位,3
延庆,3
英雄,3
第一场,3
日晚,3
南宫市,3
应对,3
齐齐哈尔市,3
幸福,3
爆炸,3
日起,3
卫健委,3
平安,3
责任人,3
中心,3
此前,3
下放,3
混检,3
某女,3
安达市,3
浙江,3
考古,3
上学,3
高度,3
香港,3
高山,3
西青,3
妻子,3
好转,3
消息,3
消毒,3
高丽营镇,3
表面,3
杰森,3
下雪,3
自律,3
杭州,3
增加值,3
零时,3
中国共产党,3
增加,3
封闭,3
调整,3
藁城,3
鞠鹏,3
家庭,3
转至,3
专家,3
村屯,3
杜尚泽,3
命名,3
滑雪,3
湖南,3
哈尔滨,3
专家组,3
举办,3
送检,3
充满,3
迎来,3
位于,3
推出,3
敲击,3
这是,3
共有,3
体力,3
打不倒,3
运动员,3
志愿者,3
快乐,3
冠状,3
进一步,3
通话,3
生活,3
体育,3
传来,3
救生,3
福礼,3
感动,3
侯琳良,3
长寿,3
王凯,3
依法,3
生命,3
迪安,3
挑战,3
张伯礼,3
捐赠,3
阶段,3
新春,3
凤岗,3
冠状病毒,3
钢丝绳,3
故宫,3
到达,3
生日快乐,3
王晔,3
北林区,3
委托,2
好物,2
胸部,2
携手,2
检测点,2
看望,2
战士,2
开发区,2
生日,2
联合国大会,2
涉事,2
支持,2
联办,2
套管,2
涉嫌,2
嫌犯,2
我方,2
瞬间,2
涉案,2
翩翩起舞,2
涉疫,2
学生,2
支援,2
套装,2
次列车,2
奋斗,2
大集,2
每日,2
盛会,2
接到,2
泰晤士报,2
大爱,2
大殿,2
水果,2
投票,2
色彩,2
抗体,2
法官,2
永年,2
大兴,2
大会,2
指出,2
大考,2
打通,2
自导自演,2
流调,2
搞上去,2
相互,2
涂抹,2
自编,2
提升,2
海外,2
官员,2
海伦市,2
浪漫,2
致敬,2
天津站,2
天津市,2
天内,2
舒适,2
航拍,2
缓缓,2
客房,2
松原市,2
快讯,2
管所,2
市场,2
巴雷特,2
科技,2
教练员,2
明晚,2
热点问题,2
春天,2
带来,2
私家车,2
精神,2
福建,2
福利,2
紧张,2
烦恼,2
总量,2
时到,2
心中,2
感谢,2
强国,2
竞技,2
立案侦查,2
日到,2
开讲,2
建设者,2
建筑,2
突如其来,2
新区,2
早安,2
穿越,2
广东,2
幸福生活,2
稳定,2
王骁波,2
日除,2
征程,2
恶劣,2
红色,2
居民,2
旅馆,2
政府,2
漏掉,2
家园,2
家中,2
李蕊,2
宣称,2
确认,2
确保,2
曝光,2
政务,2
感染,2
来到,2
维护,2
港澳台地区,2
放学,2
生产,2
礼士路,2
机遇,2
惠七镇,2
惠七村,2
居委会,2
患者,2
小雪,2
澳门特别行政区,2
潜入,2
情况不明,2
终末,2
朋友圈,2
演练,2
朝晖,2
政治,2
结束,2
给予,2
密码,2
本次,2
拖鞋,2
处置,2
赛跑,2
分到,2
吊销,2
专场,2
顺义,2
谴责,2
负责,2
出差,2
面对,2
东部,2
出入,2
台湾地区,2
防护,2
分转,2
可笑,2
另有,2
口罩,2
变得,2
长安区,2
会泽,2
上报,2
传回,2
咸阳,2
上演,2
银行,2
下楼,2
周边,2
访友,2
飞机,2
评审,2
同比,2
听到,2
追踪,2
该县,2
名辅警,2
预案,2
调研,2
会诊,2
初心,2
这场,2
贯通,2
区内,2
南区,2
产品,2
单管,2
陷入,2
单元,2
单人,2
事件,2
轻型,2
中午,2
较前,2
较量,2
院站,2
院感,2
医生,2
医护人员,2
医护,2
之下,2
南宫,2
南海,2
雅克,2
返回,2
副区长,2
反转,2
双检,2
办事处,2
办好,2
务工,2
务工人员,2
中有,2
压力,2
串门,2
努力,2
危重,2
运抵,2
包扎,2
记录,2
凌晨,2
军事,2
Dear,2
全省,2
重型,2
Pick,2
黄时楠,2
保障,2
表现,2
国民经济,2
一届,2
公交车,2
公告,2
裕华区,2
依然,2
遭遇,2
例系,2
西辛,2
全球化,2
均经,2
高新区,2
血清,2
英语,2
荒唐,2
外来,2
充满信心,2
外交部,2
备齐,2
健康,2
鼓励,2
塞尔维亚,2
蛋糕,2
做好,2
CT,2
城市,2
垃圾,2
融汇,2
一日,2
云南,2
香港特别行政区,2
覆盖,2
解决,2
钻杆,2
解析,2
四川大学,2
余人,2
万余名,2
你好,2
低迷,2
首都体育馆,2
一管,2
马丁,2
国产,2
逆风,2
因公负伤,2
例为,2
例新冠,2
喜欢,2
喊话,2
逆行,2
物质,1
陈颖,1
销售,1
物品,1
画面,1
陆娅楠,1
物资供应,1
限定版,1
降雪,1
镇联,1
里程碑,1
现象,1
父子,1
现金,1
错误,1
用品,1
爱好者,1
用工,1
申报,1
电话,1
现已,1
爱辉区,1
长沙市,1
牵头,1
重任,1
金牌,1
王银,1
闯敢,1
生产总值,1
队员,1
钱包,1
王银明,1
狡猾,1
防护服,1
防疫,1
防疫站,1
班车,1
银山,1
狂魔,1
金手镯,1
珍贵,1
阳光,1
阴有,1
金峰路,1
状态,1
重点保护,1
阻击战,1
镜头,1
重演,1
生日蛋糕,1
阻断,1
特别,1
牵引绳,1
闭环,1
防线,1
苛求,1
陕视,1
涉嫌犯罪,1
海淀区,1
高呼,1
高台,1
高不可攀,1
驰援,1
马晨,1
消杀,1
消极,1
消耗,1
香港特区,1
首破,1
海关,1
首批,1
饼店,1
深圳市,1
飞舞,1
清单,1
清醒,1
风火轮,1
风华,1
颓废,1
游玩,1
海军,1
高标准,1
院内,1
黑河市,1
龙笏山,1
河畔,1
沸点,1
齐声,1
治理,1
黟县,1
默哀,1
黑颈鹤,1
洒下,1
活成,1
派遣,1
高空,1
流动人口,1
黄山市,1
麒麟,1
鹿泉,1
鸿兴,1
鸟类,1
魅力,1
高院,1
济南市,1
高质量,1
领导小组,1
预报,1
滥用,1
雪上运动,1
火眼,1
里头,1
火车,1
雪花,1
点位,1
点半,1
烈士,1
雪橇,1
烟台市,1
雪景,1
集结,1
滨河,1
集成,1
煞有介事,1
照发,1
难能可贵,1
照当,1
隶属于,1
燕赵,1
隔档,1
陪同,1
爆款,1
雪车,1
激烈,1
零下,1
激活,1
顺利,1
顺义区,1
漂亮,1
面积,1
漏洞,1
面目,1
演习,1
面向,1
面临,1
青年,1
青冈县,1
霸权主义,1
霜致,1
漫天,1
需堵,1
漫漫,1
漳州,1
漳州市,1
潘俊强,1
零部件,1
零星,1
留言,1
真够,1
释放,1
略低于,1
谎言,1
经向,1
经开区,1
谈战疫,1
经验丰富,1
结成,1
谈宋,1
结果显示,1
调查组,1
诞生地,1
诋毁,1
给出,1
评判,1
绝美,1
评为,1
绥棱县,1
设置,1
许可证,1
讲解,1
记载,1
维权,1
记住,1
认知,1
终将,1
终于,1
织密,1
紫禁城,1
赛场,1
管理局,1
类似,1
赛区,1
资料,1
贺勇,1
贸易,1
精选,1
系列,1
货车,1
账户,1
负责人,1
责成,1
红包,1
红蓝,1
责任,1
纪实,1
纵横,1
纸笔,1
组织,1
细心,1
细节,1
计算,1
缴纳,1
解释,1
行唐县,1
补给,1
补短,1
补助,1
街清旺,1
自然保护区,1
自由,1
行者,1
行径,1
至少,1
至金峰,1
致辞,1
自在,1
融入,1
舞台,1
薄薄的,1
航班,1
艰苦,1
营业执照,1
获赠,1
艰难,1
药品,1
花样滑冰,1
补贴,1
能力,1
美丽,1
观察,1
解码,1
美国国务院,1
美好,1
美好生活,1
美得,1
美的,1
群众体育,1
视觉,1
观看,1
观峰,1
联动,1
表达,1
西青区,1
西门,1
聚会,1
聚焦,1
聚集,1
西沙,1
聚餐,1
胆子,1
背后,1
胡同,1
赤兔,1
简筑,1
赤裸裸,1
送下去,1
通行证,1
直达,1
通知,1
通告,1
看淡,1
看清,1
苍青,1
真实,1
送菜,1
睡觉,1
短道,1
直播间,1
追求幸福,1
追梦,1
硬性,1
硬核,1
追查,1
硬汉,1
违反,1
远离,1
远村,1
远山,1
速度,1
速滑队,1
这条,1
痛苦,1
采购,1
采摘,1
酒精,1
酒店,1
配件,1
都市,1
部队,1
病亡,1
郝庄村,1
病毒感染者,1
白天,1
造血,1
邯郸,1
那种,1
白金,1
白雪,1
监管部门,1
邂逅,1
遛弯,1
盛世,1
道外区,1
目的,1
这段,1
社会,1
走动,1
路灯,1
轻易,1
转存,1
车辆,1
笃实,1
第一产业,1
第一期,1
第一集,1
第三产业,1
车程,1
车上,1
足不出户,1
立场,1
第三期,1
越冬,1
超市,1
第二产业,1
第二期,1
超多,1
赶赴,1
第十一,1
答记者问,1
赵村,1
立案,1
辅警,1
社保,1
秘书处,1
这出,1
社区卫生,1
这一,1
还考,1
祝融,1
返哈,1
离不开,1
返京,1
离津,1
运辉,1
迎难而上,1
突围,1
秦国,1
秦始皇,1
秩序,1
迎接,1
积雪,1
迈上,1
空港,1
穿云,1
辛苦,1
输送,1
##,1
推送,1
沉浸,1
区委,1
半个,1
千里,1
千年,1
十里铺,1
十样锦,1
医学科,1
医务人员,1
区卓达,1
华北石油,1
北京首都机场,1
化建,1
勾勒,1
勤洗手,1
勇毅,1
勇夺,1
劳务,1
半月谈,1
华博主回,1
动力,1
历史,1
发展中国家,1
双标,1
参赛,1
参加,1
参与,1
县长,1
县卫健,1
卫生,1
华润,1
占地约,1
博雅,1
博主李,1
博主,1
南部,1
卓东,1
华诞,1
动荡,1
加大,1
汗水,1
内容,1
几个,1
准确,1
冲锋,1
农商,1
再而三,1
再也,1
内科,1
兼程,1
出京,1
具备,1
关系,1
关爱,1
关心,1
共同努力,1
兰河,1
兰池,1
几天,1
出台,1
办法,1
创作者,1
力度,1
刺杀,1
制造,1
制度,1
利民,1
判断,1
初次,1
刚刚,1
出弘毅,1
刊登,1
分至,1
分秒必争,1
分向,1
出租车,1
出极,1
出征,1
发布公告,1
发挥作用,1
发放,1
回答,1
国安法,1
国务院新闻办公室,1
国内,1
固安县,1
围栏,1
团队,1
回顾,1
回看,1
国家统计局,1
回来,1
回击,1
回事,1
四川,1
四季度,1
四季,1
嘉邸,1
国家级,1
国家航天局,1
发文,1
场合,1
基本准则,1
基建,1
基因,1
城建,1
坚韧,1
坐地铁,1
场馆,1
地面,1
国航,1
地下,1
在院,1
在水一方,1
在家,1
国际法,1
国际,1
国赫红珊湾,1
嘉苑,1
商铺,1
唯一,1
史料,1
同步,1
同事,1
吊装,1
合美家,1
吃亏,1
司机,1
号楼,1
可领,1
哪有什么,1
可比价格,1
受访,1
受伤,1
取得联系,1
取回,1
发表声明,1
发自内心,1
同祥城,1
名城,1
名称,1
名苑,1
哪吒,1
哈气,1
品质,1
咸菜,1
和院,1
和平,1
呼吸,1
周年,1
周家,1
告诉,1
告别,1
启航,1
向前,1
后续,1
后经,1
公寓,1
公安部,1
公安民警,1
不畏艰险,1
东北,1
世纪,1
世界秩序,1
丑陋,1
不齿,1
不难,1
不见不散,1
不容,1
东平,1
不好,1
不堪,1
下降,1
下车,1
下到,1
上年,1
上下班,1
东北亚,1
东方明珠,1
主动,1
中国政府,1
主任,1
为名,1
丹麦,1
临别时,1
中方,1
中央,1
中国籍,1
中国外交部,1
东胡,1
中华,1
中共,1
严峻考验,1
两次,1
两名,1
两例,1
两位,1
三点,1
三季度,1
万象,1
CA878,1
一国两制,1
一位,1
一份,1
Z238,1
Z237,1
Vlog,1
II,1
6.8,1
万米,1
6.5,1
4.9,1
3.2,1
3.0,1
2.6,1
2.3%,1
2.1,1
一夜,1
一夜之间,1
一季度,1
一度,1
万平方米,1
万多,1
万元,1
一驳,1
一键,1
一趟,1
一而再,1
一线,1
一秒,1
一看,1
一盒,1
一段,1
一步,1
一律,1
一张,1
主体,1
主语,1
公安,1
依规,1
信心,1
保洁员,1
保持警惕,1
保护区,1
保护,1
保利,1
侦办,1
依纪,1
偏见,1
作业,1
住所,1
位置,1
伺机,1
伪劣产品,1
传递,1
传染,1
修炼,1
做不来,1
主题,1
全市,1
公司员工,1
公卫,1
公交站,1
八村,1
全营,1
全聚德烤鸭店,1
全新,1
全国,1
儿子,1
全县,1
全为,1
全世界,1
党和人民,1
党中央,1
先行者,1
儿戏,1
传播,1
伟业,1
会议,1
亏了,1
人次,1
人士,1
人均,1
亲身经历,1
产业,1
交付,1
五辆车,1
二季度,1
会员国,1
事故现场,1
事情,1
事事,1
乡镇,1
乐村,1
之洲,1
丽都,1
人民币,1
人民政府,1
人民检察院,1
人群,1
优惠,1
众美,1
价值观,1
价值,1
以楼,1
令人,1
代购,1
代表团,1
从金峰,1
从战,1
从即日起,1
仍为,1
今日,1
仅限于,1
亿人,1
基础,1
增速,1
声明,1
放松,1
数量,1
数据,1
救治,1
效果,1
故宫博物院,1
政策,1
政治宣传,1
放下,1
文化,1
收藏,1
支现伟,1
攀比,1
搜中,1
提醒,1
提前,1
提供,1
敲击声,1
文景,1
日离津,1
方法,1
日因,1
日前,1
既视感,1
无趣,1
无疆,1
无极县,1
施工,1
方显,1
文物,1
方形,1
方式,1
新缘,1
新星,1
新华区,1
新华,1
新乐,1
1.6,1
推进,1
推广,1
所说,1
找回,1
批捕,1
批准,1
打麻将,1
打扑克,1
打倒,1
手电筒,1
所愿,1
推动,1
所在区域,1
房间,1
房屋,1
户籍,1
戴姆勒,1
战区,1
成都,1
承担,1
投入使用,1
抗击,1
抢先,1
控制,1
接触,1
探测仪,1
据统计,1
指导,1
持续,1
拼搏精神,1
拼出,1
拥有,1
拒绝,1
抽奖,1
抹黑,1
报案,1
护理,1
护士,1
日报,1
早上,1
成立,1
核算,1
模样,1
楼栋,1
楼层,1
楼下,1
桥西区,1
案件,1
栾城,1
核查,1
欣慰,1
核心,1
核实,1
核子,1
标准,1
查证,1
查清,1
某以,1
欢笑,1
欧艾,1
时代,1
民间,1
汉沽,1
汇报,1
求索,1
永不言弃,1
水域,1
气象台,1
气温,1
民生,1
正定县,1
比赛,1
每秒,1
每分,1
每人,1
正面,1
正确,1
正式,1
架设,1
松北区,1
来津,1
晚上,1
最前沿,1
曾于,1
更好,1
曲线,1
暴发,1
暂住地,1
晶彩苑,1
昼夜,1
来之不易,1
是因为,1
昨日,1
星火,1
星夜,1
明说,1
旺泉,1
时许,1
最新进展,1
最终,1
月白,1
有句,1
来临,1
条件,1
村镇,1
村民,1
权利,1
杀害,1
机会,1
未来,1
未有,1
服务中心,1
服务,1
朋友,1
有限,1
有线电话,1
有待,1
成绩,1
戎阳,1
声音,1
孙树福,1
安委会,1
安于,1
宅家,1
宁吉喆,1
学校,1
学习,1
季度,1
孔村,1
宋豪,1
嫌疑人,1
媳妇,1
婴童,1
婴儿,1
娃娃,1
姚大伟,1
如黛,1
安徽省,1
完美,1
小孩,1
家庄,1
小事,1
封闭式,1
封条,1
封控,1
对敌,1
对抗,1
寒冬,1
家人,1
官兵们,1
宫殿,1
宫区,1
宣传部长,1
宣传攻势,1
实兵,1
官署,1
官方网站,1
如约,1
好话,1
好好,1
多地,1
大高,1
大红包,1
大片,1
大幅,1
大头,1
大变局,1
多套,1
多吨,1
好多,1
多名,1
多位,1
多云,1
外省市,1
外围,1
外伤,1
处于,1
天一,1
天下,1
天地,1
天海,1
好友,1
好了吧,1
女法官,1
奥利,1
奋进,1
奋斗者,1
奋战,1
头等大事,1
央广,1
太阳城,1
太行,1
太紧,1
太炫酷,1
天行,1
天目,1
小分队,1
小米粥,1
慷慨激烈,1
当天,1
得失,1
得偿,1
征途,1
征名,1
往前走,1
形势,1
录入,1
强大,1
心闻,1
张毅用,1
张毅,1
张天培,1
张图,1
开建,1
开启,1
建成,1
心怀,1
快速,1
小街,1
惟有,1
慷慨,1
慰问,1
感觉,1
感受,1
感到,1
惶恐不安,1
想不到,1
惊喜,1
忽略,1
情况通报,1
悲情,1
总能,1
总数,1
总医院,1
总以为,1
思考,1
廊桥,1
廊坊,1
应聘,1
屏呼出,1
岂可,1
山西,1
山峰,1
山东省,1
展示,1
展现,1
展望,1
局长,1
应检尽检,1
局部,1
局局长,1
就诊,1
尚金苑,1
尚未,1
少量,1
小镇,1
岛礁,1
工作人员,1
工作进展,1
工地,1
庄村,1
幸福感,1
并未,1
年纪,1
平山县,1
平均水平,1
干细胞,1
常委,1
常务,1
常住,1
希望,1
市级,1
市委常委,1
已分,1
已出,1
龚相娟,1
